{
  "name": "only_dropout",
  "hyperparams": {
    "epochs": 12,
    "batch_size": 256,
    "init_lr": 0.0015,
    "l2_coeff": 0.0,
    "dropout_rate": 0.4,
    "early_stopping": false,
    "patience": 0,
    "val_frac_of_60k": 0.15
  },
  "metrics": {
    "test_loss": 0.07308796793222427,
    "test_accuracy": 0.9781000018119812,
    "f1_micro": 0.9781,
    "f1_macro": 0.9778570910901886,
    "f1_weighted": 0.9780980539010193,
    "auc_micro": 0.9995982533333332,
    "auc_macro": 0.9996346947430623,
    "runtime_seconds": 13.781676292419434
  }
}