{
  "n_estimators": 712,
  "max_depth": 5,
  "num_leaves": 346,
  "learning_rate": 0.053112443326362425,
  "subsample": 0.799607084057507,
  "colsample_bytree": 0.7074111377072791,
  "reg_lambda": 6.292164785393419,
  "reg_alpha": 0.019008087838574467,
  "min_child_samples": 38,
  "min_child_weight": 0.004357120533176727,
  "objective": "multiclass",
  "n_jobs": -1,
  "random_state": 42
}