{
  "name": "l2_plus_earlystop",
  "hyperparams": {
    "epochs": 12,
    "batch_size": 256,
    "init_lr": 0.0015,
    "l2_coeff": 0.0005,
    "dropout_rate": 0.0,
    "early_stopping": true,
    "patience": 5,
    "val_frac_of_60k": 0.15
  },
  "metrics": {
    "test_loss": 0.15335555374622345,
    "test_accuracy": 0.9761999845504761,
    "f1_micro": 0.9762,
    "f1_macro": 0.9760199397565472,
    "f1_weighted": 0.9761987252514424,
    "auc_micro": 0.9994758922222222,
    "auc_macro": 0.9995621882959883,
    "runtime_seconds": 17.960952520370483
  }
}