{
  "n_estimators": 767,
  "max_depth": 7,
  "learning_rate": 0.20399009120195072,
  "subsample": 0.9727485213257532,
  "colsample_bytree": 0.8147347785275979,
  "colsample_bylevel": 0.6171388097669074,
  "colsample_bynode": 0.9756331211996446,
  "reg_lambda": 6.723100298267467,
  "reg_alpha": 0.31843288486246224,
  "min_child_weight": 6.2119841984116695,
  "gamma": 0.005770534860672791,
  "max_bin": 162,
  "grow_policy": "depthwise",
  "tree_method": "hist",
  "objective": "multi:softprob",
  "num_class": 10,
  "n_jobs": -1,
  "random_state": 42
}