{
  "name": "l2_dropout_earlystop",
  "hyperparams": {
    "epochs": 12,
    "batch_size": 256,
    "init_lr": 0.0015,
    "l2_coeff": 0.0005,
    "dropout_rate": 0.4,
    "early_stopping": true,
    "patience": 5,
    "val_frac_of_60k": 0.15
  },
  "metrics": {
    "test_loss": 0.17912249267101288,
    "test_accuracy": 0.9746000170707703,
    "f1_micro": 0.9746,
    "f1_macro": 0.9744767919315136,
    "f1_weighted": 0.9746013528829391,
    "auc_micro": 0.9995008172222222,
    "auc_macro": 0.9995271653051809,
    "runtime_seconds": 17.8717143535614
  }
}