{
  "name": "l2_plus_dropout",
  "hyperparams": {
    "epochs": 12,
    "batch_size": 256,
    "init_lr": 0.0015,
    "l2_coeff": 0.0005,
    "dropout_rate": 0.4,
    "early_stopping": false,
    "patience": 0,
    "val_frac_of_60k": 0.15
  },
  "metrics": {
    "test_loss": 0.17623624205589294,
    "test_accuracy": 0.9760000109672546,
    "f1_micro": 0.976,
    "f1_macro": 0.9759223314977282,
    "f1_weighted": 0.9759878471006108,
    "auc_micro": 0.9995368044444444,
    "auc_macro": 0.9995777087985471,
    "runtime_seconds": 17.470539569854736
  }
}