{
  "name": "only_l2",
  "hyperparams": {
    "epochs": 12,
    "batch_size": 256,
    "init_lr": 0.0015,
    "l2_coeff": 0.0005,
    "dropout_rate": 0.0,
    "early_stopping": false,
    "patience": 0,
    "val_frac_of_60k": 0.15
  },
  "metrics": {
    "test_loss": 0.1690448373556137,
    "test_accuracy": 0.9700999855995178,
    "f1_micro": 0.9701,
    "f1_macro": 0.9699972710767728,
    "f1_weighted": 0.970150260331314,
    "auc_micro": 0.9993060433333333,
    "auc_macro": 0.9995048297280054,
    "runtime_seconds": 18.554207801818848
  }
}